Year,State,Smoke everyday,Smoke some days,Former smoker,Never smoked,Location 1
1995,Alabama,0.22,0.02,0.21,0.55,"Alabama
(32.840569999605975, -86.63186000013877)"
1996,Alabama,0.18,0.05,0.22,0.56,"Alabama
(32.840569999605975, -86.63186000013877)"
1997,Alabama,0.21,0.04,0.22,0.53,"Alabama
(32.840569999605975, -86.63186000013877)"
1998,Alabama,0.19,0.05,0.22,0.54,"Alabama
(32.840569999605975, -86.63186000013877)"
1999,Alabama,0.18,0.05,0.24,0.52,"Alabama
(32.840569999605975, -86.63186000013877)"
2000,Alabama,0.19,0.06,0.24,0.51,"Alabama
(32.840569999605975, -86.63186000013877)"
2001,Alabama,0.17,0.07,0.23,0.53,"Alabama
(32.840569999605975, -86.63186000013877)"
2002,Alabama,0.19,0.05,0.23,0.52,"Alabama
(32.840569999605975, -86.63186000013877)"
2003,Alabama,0.20,0.06,0.24,0.51,"Alabama
(32.840569999605975, -86.63186000013877)"
2004,Alabama,0.19,0.06,0.21,0.54,"Alabama
(32.840569999605975, -86.63186000013877)"
2005,Alabama,0.19,0.06,0.21,0.54,"Alabama
(32.840569999605975, -86.63186000013877)"
2006,Alabama,0.18,0.06,0.23,0.54,"Alabama
(32.840569999605975, -86.63186000013877)"
2007,Alabama,0.17,0.06,0.23,0.54,"Alabama
(32.840569999605975, -86.63186000013877)"
2008,Alabama,0.17,0.05,0.22,0.56,"Alabama
(32.840569999605975, -86.63186000013877)"
2009,Alabama,0.17,0.06,0.23,0.55,"Alabama
(32.840569999605975, -86.63186000013877)"
2010,Alabama,0.16,0.06,0.24,0.54,"Alabama
(32.840569999605975, -86.63186000013877)"
1995,Alaska,0.22,0.03,0.27,0.48,"Alaska
(64.84507999974238, -147.72205999986895)"
1996,Alaska,0.22,0.06,0.26,0.46,"Alaska
(64.84507999974238, -147.72205999986895)"
1997,Alaska,0.22,0.04,0.25,0.49,"Alaska
(64.84507999974238, -147.72205999986895)"
1998,Alaska,0.20,0.06,0.25,0.48,"Alaska
(64.84507999974238, -147.72205999986895)"
1999,Alaska,0.19,0.08,0.26,0.47,"Alaska
(64.84507999974238, -147.72205999986895)"
2000,Alaska,0.19,0.06,0.28,0.47,"Alaska
(64.84507999974238, -147.72205999986895)"
2001,Alaska,0.19,0.07,0.27,0.47,"Alaska
(64.84507999974238, -147.72205999986895)"
2002,Alaska,0.22,0.07,0.26,0.45,"Alaska
(64.84507999974238, -147.72205999986895)"
2003,Alaska,0.19,0.07,0.26,0.48,"Alaska
(64.84507999974238, -147.72205999986895)"
2004,Alaska,0.16,0.09,0.24,0.51,"Alaska
(64.84507999974238, -147.72205999986895)"
2005,Alaska,0.19,0.06,0.24,0.51,"Alaska
(64.84507999974238, -147.72205999986895)"
2006,Alaska,0.16,0.08,0.28,0.49,"Alaska
(64.84507999974238, -147.72205999986895)"
2007,Alaska,0.16,0.07,0.27,0.51,"Alaska
(64.84507999974238, -147.72205999986895)"
2008,Alaska,0.15,0.06,0.28,0.50,"Alaska
(64.84507999974238, -147.72205999986895)"
2009,Alaska,0.15,0.06,0.28,0.51,"Alaska
(64.84507999974238, -147.72205999986895)"
2010,Alaska,0.14,0.07,0.26,0.54,"Alaska
(64.84507999974238, -147.72205999986895)"
1995,Arizona,0.20,0.02,0.26,0.52,"Arizona
(34.86596999961597, -111.76380999973156)"
1996,Arizona,0.20,0.04,0.25,0.51,"Arizona
(34.86596999961597, -111.76380999973156)"
1997,Arizona,0.18,0.03,0.14,0.65,"Arizona
(34.86596999961597, -111.76380999973156)"
1998,Arizona,0.20,0.02,0.17,0.61,"Arizona
(34.86596999961597, -111.76380999973156)"
1999,Arizona,0.18,0.02,0.18,0.62,"Arizona
(34.86596999961597, -111.76380999973156)"
2000,Arizona,0.14,0.05,0.22,0.60,"Arizona
(34.86596999961597, -111.76380999973156)"
2001,Arizona,0.16,0.06,0.25,0.53,"Arizona
(34.86596999961597, -111.76380999973156)"
2002,Arizona,0.18,0.06,0.24,0.52,"Arizona
(34.86596999961597, -111.76380999973156)"
2003,Arizona,0.15,0.06,0.26,0.53,"Arizona
(34.86596999961597, -111.76380999973156)"
2004,Arizona,0.14,0.05,0.25,0.57,"Arizona
(34.86596999961597, -111.76380999973156)"
2005,Arizona,0.14,0.07,0.26,0.54,"Arizona
(34.86596999961597, -111.76380999973156)"
2006,Arizona,0.12,0.06,0.25,0.57,"Arizona
(34.86596999961597, -111.76380999973156)"
2007,Arizona,0.14,0.06,0.24,0.56,"Arizona
(34.86596999961597, -111.76380999973156)"
2008,Arizona,0.11,0.05,0.27,0.57,"Arizona
(34.86596999961597, -111.76380999973156)"
2009,Arizona,0.11,0.05,0.26,0.58,"Arizona
(34.86596999961597, -111.76380999973156)"
2010,Arizona,0.11,0.04,0.28,0.57,"Arizona
(34.86596999961597, -111.76380999973156)"
1995,Arkansas,0.23,0.02,0.24,0.52,"Arkansas
(34.748649999697875, -92.27448999971358)"
1996,Arkansas,0.22,0.03,0.18,0.57,"Arkansas
(34.748649999697875, -92.27448999971358)"
1997,Arkansas,0.25,0.04,0.20,0.51,"Arkansas
(34.748649999697875, -92.27448999971358)"
1998,Arkansas,0.22,0.04,0.24,0.50,"Arkansas
(34.748649999697875, -92.27448999971358)"
1999,Arkansas,0.23,0.05,0.23,0.50,"Arkansas
(34.748649999697875, -92.27448999971358)"
2000,Arkansas,0.20,0.05,0.25,0.50,"Arkansas
(34.748649999697875, -92.27448999971358)"
2001,Arkansas,0.20,0.05,0.24,0.51,"Arkansas
(34.748649999697875, -92.27448999971358)"
2002,Arkansas,0.22,0.05,0.25,0.49,"Arkansas
(34.748649999697875, -92.27448999971358)"
2003,Arkansas,0.21,0.04,0.25,0.50,"Arkansas
(34.748649999697875, -92.27448999971358)"
2004,Arkansas,0.19,0.06,0.25,0.50,"Arkansas
(34.748649999697875, -92.27448999971358)"
2005,Arkansas,0.18,0.05,0.25,0.52,"Arkansas
(34.748649999697875, -92.27448999971358)"
2006,Arkansas,0.19,0.05,0.25,0.51,"Arkansas
(34.748649999697875, -92.27448999971358)"
2007,Arkansas,0.17,0.05,0.24,0.54,"Arkansas
(34.748649999697875, -92.27448999971358)"
2008,Arkansas,0.17,0.05,0.26,0.51,"Arkansas
(34.748649999697875, -92.27448999971358)"
2009,Arkansas,0.16,0.06,0.28,0.50,"Arkansas
(34.748649999697875, -92.27448999971358)"
2010,Arkansas,0.17,0.06,0.24,0.53,"Arkansas
(34.748649999697875, -92.27448999971358)"
1995,California,0.13,0.03,0.28,0.57,"California
(37.638300000444815, -120.99958999997835)"
1996,California,0.13,0.06,0.25,0.56,"California
(37.638300000444815, -120.99958999997835)"
1997,California,0.13,0.06,0.27,0.55,"California
(37.638300000444815, -120.99958999997835)"
1998,California,0.14,0.06,0.26,0.55,"California
(37.638300000444815, -120.99958999997835)"
1999,California,0.13,0.06,0.26,0.55,"California
(37.638300000444815, -120.99958999997835)"
2000,California,0.12,0.05,0.26,0.57,"California
(37.638300000444815, -120.99958999997835)"
2001,California,0.12,0.05,0.26,0.57,"California
(37.638300000444815, -120.99958999997835)"
2002,California,0.11,0.05,0.24,0.60,"California
(37.638300000444815, -120.99958999997835)"
2003,California,0.11,0.06,0.25,0.58,"California
(37.638300000444815, -120.99958999997835)"
2004,California,0.10,0.05,0.24,0.61,"California
(37.638300000444815, -120.99958999997835)"
2005,California,0.10,0.05,0.23,0.62,"California
(37.638300000444815, -120.99958999997835)"
2006,California,0.09,0.06,0.24,0.61,"California
(37.638300000444815, -120.99958999997835)"
2007,California,0.09,0.06,0.23,0.63,"California
(37.638300000444815, -120.99958999997835)"
2008,California,0.09,0.05,0.23,0.63,"California
(37.638300000444815, -120.99958999997835)"
2009,California,0.08,0.05,0.23,0.64,"California
(37.638300000444815, -120.99958999997835)"
2010,California,0.08,0.05,0.23,0.65,"California
(37.638300000444815, -120.99958999997835)"
1995,Colorado,0.18,0.04,0.27,0.51,"Colorado
(38.842890000173554, -106.13314000041055)"
1996,Colorado,0.17,0.06,0.24,0.53,"Colorado
(38.842890000173554, -106.13314000041055)"
1997,Colorado,0.17,0.06,0.26,0.52,"Colorado
(38.842890000173554, -106.13314000041055)"
1998,Colorado,0.17,0.06,0.24,0.53,"Colorado
(38.842890000173554, -106.13314000041055)"
1999,Colorado,0.18,0.05,0.26,0.52,"Colorado
(38.842890000173554, -106.13314000041055)"
2000,Colorado,0.15,0.05,0.26,0.54,"Colorado
(38.842890000173554, -106.13314000041055)"
2001,Colorado,0.15,0.07,0.26,0.52,"Colorado
(38.842890000173554, -106.13314000041055)"
2002,Colorado,0.16,0.05,0.26,0.54,"Colorado
(38.842890000173554, -106.13314000041055)"
2003,Colorado,0.14,0.05,0.27,0.54,"Colorado
(38.842890000173554, -106.13314000041055)"
2004,Colorado,0.14,0.06,0.24,0.56,"Colorado
(38.842890000173554, -106.13314000041055)"
2005,Colorado,0.14,0.06,0.25,0.55,"Colorado
(38.842890000173554, -106.13314000041055)"
2006,Colorado,0.12,0.06,0.25,0.58,"Colorado
(38.842890000173554, -106.13314000041055)"
2007,Colorado,0.13,0.05,0.25,0.57,"Colorado
(38.842890000173554, -106.13314000041055)"
2008,Colorado,0.12,0.05,0.25,0.58,"Colorado
(38.842890000173554, -106.13314000041055)"
2009,Colorado,0.12,0.05,0.26,0.57,"Colorado
(38.842890000173554, -106.13314000041055)"
2010,Colorado,0.11,0.05,0.25,0.59,"Colorado
(38.842890000173554, -106.13314000041055)"
1995,Connecticut,0.19,0.02,0.29,0.51,"Connecticut
(41.56265999995918, -72.6498400002157)"
1996,Connecticut,0.17,0.04,0.28,0.50,"Connecticut
(41.56265999995918, -72.6498400002157)"
1997,Connecticut,0.17,0.04,0.29,0.49,"Connecticut
(41.56265999995918, -72.6498400002157)"
1998,Connecticut,0.15,0.06,0.28,0.51,"Connecticut
(41.56265999995918, -72.6498400002157)"
1999,Connecticut,0.18,0.05,0.25,0.52,"Connecticut
(41.56265999995918, -72.6498400002157)"
2000,Connecticut,0.15,0.05,0.28,0.52,"Connecticut
(41.56265999995918, -72.6498400002157)"
2001,Connecticut,0.15,0.06,0.29,0.51,"Connecticut
(41.56265999995918, -72.6498400002157)"
2002,Connecticut,0.14,0.05,0.30,0.50,"Connecticut
(41.56265999995918, -72.6498400002157)"
2003,Connecticut,0.14,0.05,0.31,0.50,"Connecticut
(41.56265999995918, -72.6498400002157)"
2004,Connecticut,0.13,0.05,0.30,0.52,"Connecticut
(41.56265999995918, -72.6498400002157)"
2005,Connecticut,0.12,0.04,0.29,0.54,"Connecticut
(41.56265999995918, -72.6498400002157)"
2006,Connecticut,0.12,0.05,0.28,0.55,"Connecticut
(41.56265999995918, -72.6498400002157)"
2007,Connecticut,0.11,0.04,0.31,0.54,"Connecticut
(41.56265999995918, -72.6498400002157)"
2008,Connecticut,0.12,0.04,0.30,0.54,"Connecticut
(41.56265999995918, -72.6498400002157)"
2009,Connecticut,0.11,0.05,0.28,0.56,"Connecticut
(41.56265999995918, -72.6498400002157)"
2010,Connecticut,0.09,0.04,0.29,0.58,"Connecticut
(41.56265999995918, -72.6498400002157)"
1995,Delaware,0.23,0.02,0.26,0.49,"Delaware
(39.00883000020451, -75.57774000040052)"
1996,Delaware,0.21,0.03,0.27,0.49,"Delaware
(39.00883000020451, -75.57774000040052)"
1997,Delaware,0.22,0.04,0.27,0.47,"Delaware
(39.00883000020451, -75.57774000040052)"
1998,Delaware,0.21,0.04,0.25,0.51,"Delaware
(39.00883000020451, -75.57774000040052)"
1999,Delaware,0.21,0.05,0.24,0.51,"Delaware
(39.00883000020451, -75.57774000040052)"
2000,Delaware,0.19,0.04,0.24,0.53,"Delaware
(39.00883000020451, -75.57774000040052)"
2001,Delaware,0.19,0.06,0.25,0.50,"Delaware
(39.00883000020451, -75.57774000040052)"
2002,Delaware,0.20,0.05,0.26,0.49,"Delaware
(39.00883000020451, -75.57774000040052)"
2003,Delaware,0.17,0.05,0.28,0.50,"Delaware
(39.00883000020451, -75.57774000040052)"
2004,Delaware,0.19,0.06,0.25,0.51,"Delaware
(39.00883000020451, -75.57774000040052)"
2005,Delaware,0.16,0.05,0.27,0.52,"Delaware
(39.00883000020451, -75.57774000040052)"
2006,Delaware,0.17,0.05,0.27,0.51,"Delaware
(39.00883000020451, -75.57774000040052)"
2007,Delaware,0.15,0.04,0.26,0.55,"Delaware
(39.00883000020451, -75.57774000040052)"
2008,Delaware,0.13,0.04,0.29,0.54,"Delaware
(39.00883000020451, -75.57774000040052)"
2009,Delaware,0.13,0.05,0.28,0.53,"Delaware
(39.00883000020451, -75.57774000040052)"
2010,Delaware,0.13,0.05,0.27,0.56,"Delaware
(39.00883000020451, -75.57774000040052)"
1996,District of Columbia,0.15,0.06,0.18,0.62,"District of Columbia
(38.89036999987576, -77.03195999965413)"
1997,District of Columbia,0.12,0.07,0.16,0.65,"District of Columbia
(38.89036999987576, -77.03195999965413)"
1998,District of Columbia,0.15,0.07,0.17,0.61,"District of Columbia
(38.89036999987576, -77.03195999965413)"
1999,District of Columbia,0.13,0.07,0.16,0.63,"District of Columbia
(38.89036999987576, -77.03195999965413)"
2000,District of Columbia,0.14,0.07,0.22,0.57,"District of Columbia
(38.89036999987576, -77.03195999965413)"
2001,District of Columbia,0.12,0.09,0.23,0.56,"District of Columbia
(38.89036999987576, -77.03195999965413)"
2002,District of Columbia,0.13,0.07,0.20,0.59,"District of Columbia
(38.89036999987576, -77.03195999965413)"
2003,District of Columbia,0.14,0.08,0.22,0.56,"District of Columbia
(38.89036999987576, -77.03195999965413)"
2004,District of Columbia,0.13,0.08,0.19,0.60,"District of Columbia
(38.89036999987576, -77.03195999965413)"
2005,District of Columbia,0.12,0.09,0.22,0.59,"District of Columbia
(38.89036999987576, -77.03195999965413)"
2006,District of Columbia,0.11,0.07,0.22,0.60,"District of Columbia
(38.89036999987576, -77.03195999965413)"
2007,District of Columbia,0.11,0.06,0.22,0.60,"District of Columbia
(38.89036999987576, -77.03195999965413)"
2008,District of Columbia,0.09,0.07,0.23,0.61,"District of Columbia
(38.89036999987576, -77.03195999965413)"
2009,District of Columbia,0.09,0.06,0.24,0.61,"District of Columbia
(38.89036999987576, -77.03195999965413)"
2010,District of Columbia,0.10,0.06,0.23,0.61,"District of Columbia
(38.89036999987576, -77.03195999965413)"
1995,Florida,0.20,0.03,0.29,0.49,"Florida
(28.932039999846268, -81.9289599999039)"
1996,Florida,0.18,0.04,0.31,0.48,"Florida
(28.932039999846268, -81.9289599999039)"
1997,Florida,0.20,0.04,0.26,0.50,"Florida
(28.932039999846268, -81.9289599999039)"
1998,Florida,0.18,0.04,0.26,0.52,"Florida
(28.932039999846268, -81.9289599999039)"
1999,Florida,0.16,0.04,0.27,0.53,"Florida
(28.932039999846268, -81.9289599999039)"
2000,Florida,0.18,0.06,0.27,0.49,"Florida
(28.932039999846268, -81.9289599999039)"
2001,Florida,0.18,0.05,0.28,0.50,"Florida
(28.932039999846268, -81.9289599999039)"
2002,Florida,0.18,0.04,0.25,0.53,"Florida
(28.932039999846268, -81.9289599999039)"
2003,Florida,0.17,0.07,0.27,0.49,"Florida
(28.932039999846268, -81.9289599999039)"
2004,Florida,0.15,0.06,0.26,0.54,"Florida
(28.932039999846268, -81.9289599999039)"
2005,Florida,0.15,0.07,0.27,0.52,"Florida
(28.932039999846268, -81.9289599999039)"
2006,Florida,0.16,0.05,0.26,0.53,"Florida
(28.932039999846268, -81.9289599999039)"
2007,Florida,0.14,0.05,0.26,0.55,"Florida
(28.932039999846268, -81.9289599999039)"
2008,Florida,0.13,0.05,0.26,0.56,"Florida
(28.932039999846268, -81.9289599999039)"
2009,Florida,0.13,0.04,0.28,0.55,"Florida
(28.932039999846268, -81.9289599999039)"
2010,Florida,0.12,0.05,0.30,0.53,"Florida
(28.932039999846268, -81.9289599999039)"
1995,Georgia,0.18,0.02,0.18,0.62,"Georgia
(32.83967999993223, -83.62758000031658)"
1996,Georgia,0.17,0.03,0.14,0.66,"Georgia
(32.83967999993223, -83.62758000031658)"
1997,Georgia,0.18,0.05,0.15,0.62,"Georgia
(32.83967999993223, -83.62758000031658)"
1998,Georgia,0.20,0.04,0.22,0.55,"Georgia
(32.83967999993223, -83.62758000031658)"
1999,Georgia,0.18,0.05,0.23,0.54,"Georgia
(32.83967999993223, -83.62758000031658)"
2000,Georgia,0.18,0.05,0.23,0.54,"Georgia
(32.83967999993223, -83.62758000031658)"
2001,Georgia,0.18,0.06,0.21,0.55,"Georgia
(32.83967999993223, -83.62758000031658)"
2002,Georgia,0.18,0.06,0.22,0.54,"Georgia
(32.83967999993223, -83.62758000031658)"
2003,Georgia,0.17,0.06,0.22,0.56,"Georgia
(32.83967999993223, -83.62758000031658)"
2004,Georgia,0.15,0.05,0.21,0.59,"Georgia
(32.83967999993223, -83.62758000031658)"
2005,Georgia,0.16,0.06,0.22,0.56,"Georgia
(32.83967999993223, -83.62758000031658)"
2006,Georgia,0.14,0.06,0.21,0.59,"Georgia
(32.83967999993223, -83.62758000031658)"
2007,Georgia,0.15,0.05,0.23,0.58,"Georgia
(32.83967999993223, -83.62758000031658)"
2008,Georgia,0.15,0.05,0.21,0.59,"Georgia
(32.83967999993223, -83.62758000031658)"
2009,Georgia,0.13,0.05,0.22,0.60,"Georgia
(32.83967999993223, -83.62758000031658)"
2010,Georgia,0.13,0.05,0.23,0.59,"Georgia
(32.83967999993223, -83.62758000031658)"
1995,Hawaii,0.15,0.03,0.22,0.61,"Hawaii
(21.304850000427336, -157.85774999956269)"
1996,Hawaii,0.18,0.04,0.24,0.54,"Hawaii
(21.304850000427336, -157.85774999956269)"
1997,Hawaii,0.14,0.04,0.26,0.55,"Hawaii
(21.304850000427336, -157.85774999956269)"
1998,Hawaii,0.16,0.04,0.26,0.54,"Hawaii
(21.304850000427336, -157.85774999956269)"
1999,Hawaii,0.14,0.04,0.23,0.59,"Hawaii
(21.304850000427336, -157.85774999956269)"
2000,Hawaii,0.16,0.04,0.24,0.56,"Hawaii
(21.304850000427336, -157.85774999956269)"
2001,Hawaii,0.17,0.04,0.24,0.56,"Hawaii
(21.304850000427336, -157.85774999956269)"
2002,Hawaii,0.17,0.04,0.24,0.55,"Hawaii
(21.304850000427336, -157.85774999956269)"
2003,Hawaii,0.14,0.03,0.24,0.59,"Hawaii
(21.304850000427336, -157.85774999956269)"
2005,Hawaii,0.12,0.05,0.26,0.57,"Hawaii
(21.304850000427336, -157.85774999956269)"
2006,Hawaii,0.13,0.05,0.25,0.57,"Hawaii
(21.304850000427336, -157.85774999956269)"
2007,Hawaii,0.13,0.04,0.26,0.57,"Hawaii
(21.304850000427336, -157.85774999956269)"
2008,Hawaii,0.12,0.04,0.25,0.59,"Hawaii
(21.304850000427336, -157.85774999956269)"
2009,Hawaii,0.10,0.05,0.27,0.58,"Hawaii
(21.304850000427336, -157.85774999956269)"
2010,Hawaii,0.11,0.04,0.25,0.60,"Hawaii
(21.304850000427336, -157.85774999956269)"
1995,Idaho,0.18,0.02,0.24,0.56,"Idaho
(43.682590000228515, -114.36368000023168)"
1996,Idaho,0.17,0.04,0.23,0.56,"Idaho
(43.682590000228515, -114.36368000023168)"
1997,Idaho,0.16,0.04,0.24,0.56,"Idaho
(43.682590000228515, -114.36368000023168)"
1998,Idaho,0.16,0.05,0.25,0.55,"Idaho
(43.682590000228515, -114.36368000023168)"
1999,Idaho,0.16,0.06,0.24,0.54,"Idaho
(43.682590000228515, -114.36368000023168)"
2000,Idaho,0.17,0.05,0.25,0.53,"Idaho
(43.682590000228515, -114.36368000023168)"
2001,Idaho,0.15,0.04,0.24,0.56,"Idaho
(43.682590000228515, -114.36368000023168)"
2002,Idaho,0.16,0.04,0.24,0.55,"Idaho
(43.682590000228515, -114.36368000023168)"
2003,Idaho,0.15,0.04,0.24,0.58,"Idaho
(43.682590000228515, -114.36368000023168)"
2004,Idaho,0.13,0.04,0.23,0.59,"Idaho
(43.682590000228515, -114.36368000023168)"
2005,Idaho,0.13,0.05,0.23,0.59,"Idaho
(43.682590000228515, -114.36368000023168)"
2006,Idaho,0.13,0.04,0.23,0.60,"Idaho
(43.682590000228515, -114.36368000023168)"
2007,Idaho,0.15,0.05,0.23,0.58,"Idaho
(43.682590000228515, -114.36368000023168)"
2008,Idaho,0.13,0.04,0.22,0.61,"Idaho
(43.682590000228515, -114.36368000023168)"
2009,Idaho,0.12,0.04,0.22,0.62,"Idaho
(43.682590000228515, -114.36368000023168)"
2010,Idaho,0.11,0.04,0.23,0.62,"Idaho
(43.682590000228515, -114.36368000023168)"
1995,Illinois,0.20,0.03,0.24,0.53,"Illinois
(40.485010000411364, -88.99770999971656)"
1996,Illinois,0.20,0.04,0.23,0.52,"Illinois
(40.485010000411364, -88.99770999971656)"
1997,Illinois,0.18,0.05,0.26,0.51,"Illinois
(40.485010000411364, -88.99770999971656)"
1998,Illinois,0.17,0.06,0.25,0.52,"Illinois
(40.485010000411364, -88.99770999971656)"
1999,Illinois,0.20,0.05,0.24,0.52,"Illinois
(40.485010000411364, -88.99770999971656)"
2000,Illinois,0.16,0.06,0.23,0.55,"Illinois
(40.485010000411364, -88.99770999971656)"
2001,Illinois,0.17,0.06,0.24,0.53,"Illinois
(40.485010000411364, -88.99770999971656)"
2002,Illinois,0.18,0.05,0.23,0.54,"Illinois
(40.485010000411364, -88.99770999971656)"
2003,Illinois,0.17,0.06,0.24,0.52,"Illinois
(40.485010000411364, -88.99770999971656)"
2004,Illinois,0.15,0.07,0.22,0.56,"Illinois
(40.485010000411364, -88.99770999971656)"
2005,Illinois,0.14,0.06,0.24,0.56,"Illinois
(40.485010000411364, -88.99770999971656)"
2006,Illinois,0.14,0.06,0.24,0.56,"Illinois
(40.485010000411364, -88.99770999971656)"
2007,Illinois,0.14,0.06,0.24,0.56,"Illinois
(40.485010000411364, -88.99770999971656)"
2008,Illinois,0.15,0.06,0.23,0.55,"Illinois
(40.485010000411364, -88.99770999971656)"
2009,Illinois,0.12,0.07,0.23,0.58,"Illinois
(40.485010000411364, -88.99770999971656)"
2010,Illinois,0.12,0.05,0.24,0.60,"Illinois
(40.485010000411364, -88.99770999971656)"
1995,Indiana,0.24,0.03,0.23,0.50,"Indiana
(39.76690999989677, -86.14996000035359)"
1996,Indiana,0.25,0.04,0.24,0.48,"Indiana
(39.76690999989677, -86.14996000035359)"
1997,Indiana,0.22,0.05,0.24,0.50,"Indiana
(39.76690999989677, -86.14996000035359)"
1998,Indiana,0.21,0.05,0.26,0.48,"Indiana
(39.76690999989677, -86.14996000035359)"
1999,Indiana,0.23,0.05,0.22,0.51,"Indiana
(39.76690999989677, -86.14996000035359)"
2000,Indiana,0.22,0.05,0.23,0.51,"Indiana
(39.76690999989677, -86.14996000035359)"
2001,Indiana,0.22,0.06,0.23,0.50,"Indiana
(39.76690999989677, -86.14996000035359)"
2002,Indiana,0.23,0.05,0.23,0.49,"Indiana
(39.76690999989677, -86.14996000035359)"
2003,Indiana,0.21,0.05,0.24,0.50,"Indiana
(39.76690999989677, -86.14996000035359)"
2004,Indiana,0.20,0.05,0.23,0.53,"Indiana
(39.76690999989677, -86.14996000035359)"
2005,Indiana,0.21,0.06,0.23,0.50,"Indiana
(39.76690999989677, -86.14996000035359)"
2006,Indiana,0.19,0.06,0.23,0.53,"Indiana
(39.76690999989677, -86.14996000035359)"
2007,Indiana,0.18,0.06,0.23,0.53,"Indiana
(39.76690999989677, -86.14996000035359)"
2008,Indiana,0.20,0.06,0.23,0.51,"Indiana
(39.76690999989677, -86.14996000035359)"
2009,Indiana,0.17,0.06,0.24,0.53,"Indiana
(39.76690999989677, -86.14996000035359)"
2010,Indiana,0.16,0.05,0.25,0.54,"Indiana
(39.76690999989677, -86.14996000035359)"
1995,Iowa,0.20,0.03,0.24,0.53,"Iowa
(42.469390000048634, -93.81649000001335)"
1996,Iowa,0.20,0.04,0.24,0.53,"Iowa
(42.469390000048634, -93.81649000001335)"
1997,Iowa,0.19,0.04,0.24,0.53,"Iowa
(42.469390000048634, -93.81649000001335)"
1998,Iowa,0.18,0.05,0.24,0.53,"Iowa
(42.469390000048634, -93.81649000001335)"
1999,Iowa,0.19,0.05,0.25,0.52,"Iowa
(42.469390000048634, -93.81649000001335)"
2000,Iowa,0.18,0.05,0.23,0.54,"Iowa
(42.469390000048634, -93.81649000001335)"
2001,Iowa,0.17,0.05,0.25,0.53,"Iowa
(42.469390000048634, -93.81649000001335)"
2002,Iowa,0.19,0.04,0.23,0.53,"Iowa
(42.469390000048634, -93.81649000001335)"
2003,Iowa,0.16,0.05,0.25,0.54,"Iowa
(42.469390000048634, -93.81649000001335)"
2004,Iowa,0.16,0.05,0.21,0.58,"Iowa
(42.469390000048634, -93.81649000001335)"
2005,Iowa,0.16,0.04,0.25,0.55,"Iowa
(42.469390000048634, -93.81649000001335)"
2006,Iowa,0.17,0.04,0.24,0.55,"Iowa
(42.469390000048634, -93.81649000001335)"
2007,Iowa,0.15,0.05,0.24,0.57,"Iowa
(42.469390000048634, -93.81649000001335)"
2008,Iowa,0.14,0.05,0.25,0.57,"Iowa
(42.469390000048634, -93.81649000001335)"
2009,Iowa,0.13,0.04,0.24,0.59,"Iowa
(42.469390000048634, -93.81649000001335)"
2010,Iowa,0.12,0.04,0.23,0.60,"Iowa
(42.469390000048634, -93.81649000001335)"
1995,Kansas,0.19,0.03,0.24,0.54,"Kansas
(38.34774000000118, -98.20077999969709)"
1996,Kansas,0.19,0.04,0.20,0.58,"Kansas
(38.34774000000118, -98.20077999969709)"
1997,Kansas,0.18,0.04,0.19,0.58,"Kansas
(38.34774000000118, -98.20077999969709)"
1998,Kansas,0.17,0.04,0.22,0.57,"Kansas
(38.34774000000118, -98.20077999969709)"
1999,Kansas,0.18,0.03,0.23,0.56,"Kansas
(38.34774000000118, -98.20077999969709)"
2000,Kansas,0.17,0.04,0.24,0.55,"Kansas
(38.34774000000118, -98.20077999969709)"
2001,Kansas,0.17,0.05,0.24,0.54,"Kansas
(38.34774000000118, -98.20077999969709)"
2002,Kansas,0.18,0.05,0.24,0.54,"Kansas
(38.34774000000118, -98.20077999969709)"
2003,Kansas,0.16,0.04,0.23,0.57,"Kansas
(38.34774000000118, -98.20077999969709)"
2004,Kansas,0.15,0.05,0.22,0.59,"Kansas
(38.34774000000118, -98.20077999969709)"
2005,Kansas,0.14,0.04,0.24,0.58,"Kansas
(38.34774000000118, -98.20077999969709)"
2006,Kansas,0.15,0.05,0.24,0.56,"Kansas
(38.34774000000118, -98.20077999969709)"
2007,Kansas,0.14,0.04,0.23,0.59,"Kansas
(38.34774000000118, -98.20077999969709)"
2008,Kansas,0.13,0.05,0.23,0.59,"Kansas
(38.34774000000118, -98.20077999969709)"
2009,Kansas,0.13,0.05,0.23,0.59,"Kansas
(38.34774000000118, -98.20077999969709)"
2010,Kansas,0.12,0.05,0.24,0.59,"Kansas
(38.34774000000118, -98.20077999969709)"
1995,Kentucky,0.25,0.03,0.22,0.50,"Kentucky
(37.645969999815804, -84.77496999996538)"
1996,Kentucky,0.28,0.04,0.23,0.45,"Kentucky
(37.645969999815804, -84.77496999996538)"
1997,Kentucky,0.28,0.03,0.24,0.46,"Kentucky
(37.645969999815804, -84.77496999996538)"
1998,Kentucky,0.28,0.03,0.23,0.46,"Kentucky
(37.645969999815804, -84.77496999996538)"
1999,Kentucky,0.26,0.04,0.23,0.47,"Kentucky
(37.645969999815804, -84.77496999996538)"
2000,Kentucky,0.27,0.04,0.23,0.47,"Kentucky
(37.645969999815804, -84.77496999996538)"
2001,Kentucky,0.26,0.05,0.24,0.46,"Kentucky
(37.645969999815804, -84.77496999996538)"
2002,Kentucky,0.29,0.04,0.22,0.46,"Kentucky
(37.645969999815804, -84.77496999996538)"
2003,Kentucky,0.27,0.04,0.23,0.47,"Kentucky
(37.645969999815804, -84.77496999996538)"
2004,Kentucky,0.23,0.05,0.20,0.52,"Kentucky
(37.645969999815804, -84.77496999996538)"
2005,Kentucky,0.24,0.05,0.24,0.47,"Kentucky
(37.645969999815804, -84.77496999996538)"
2006,Kentucky,0.24,0.04,0.24,0.47,"Kentucky
(37.645969999815804, -84.77496999996538)"
2007,Kentucky,0.24,0.05,0.24,0.48,"Kentucky
(37.645969999815804, -84.77496999996538)"
2008,Kentucky,0.21,0.05,0.25,0.50,"Kentucky
(37.645969999815804, -84.77496999996538)"
2009,Kentucky,0.21,0.05,0.25,0.49,"Kentucky
(37.645969999815804, -84.77496999996538)"
2010,Kentucky,0.19,0.06,0.26,0.49,"Kentucky
(37.645969999815804, -84.77496999996538)"
1995,Louisiana,0.21,0.04,0.22,0.53,"Louisiana
(31.31265999975932, -92.44567999993188)"
1996,Louisiana,0.22,0.04,0.22,0.53,"Louisiana
(31.31265999975932, -92.44567999993188)"
1997,Louisiana,0.19,0.05,0.22,0.54,"Louisiana
(31.31265999975932, -92.44567999993188)"
1998,Louisiana,0.21,0.05,0.20,0.55,"Louisiana
(31.31265999975932, -92.44567999993188)"
1999,Louisiana,0.19,0.05,0.21,0.56,"Louisiana
(31.31265999975932, -92.44567999993188)"
2000,Louisiana,0.19,0.06,0.20,0.57,"Louisiana
(31.31265999975932, -92.44567999993188)"
2001,Louisiana,0.19,0.06,0.20,0.55,"Louisiana
(31.31265999975932, -92.44567999993188)"
2002,Louisiana,0.19,0.05,0.19,0.57,"Louisiana
(31.31265999975932, -92.44567999993188)"
2003,Louisiana,0.20,0.06,0.21,0.53,"Louisiana
(31.31265999975932, -92.44567999993188)"
2004,Louisiana,0.17,0.07,0.20,0.57,"Louisiana
(31.31265999975932, -92.44567999993188)"
2005,Louisiana,0.16,0.06,0.21,0.57,"Louisiana
(31.31265999975932, -92.44567999993188)"
2006,Louisiana,0.18,0.06,0.20,0.56,"Louisiana
(31.31265999975932, -92.44567999993188)"
2007,Louisiana,0.17,0.06,0.20,0.57,"Louisiana
(31.31265999975932, -92.44567999993188)"
2008,Louisiana,0.16,0.05,0.20,0.60,"Louisiana
(31.31265999975932, -92.44567999993188)"
2009,Louisiana,0.16,0.06,0.23,0.55,"Louisiana
(31.31265999975932, -92.44567999993188)"
2010,Louisiana,0.16,0.06,0.22,0.56,"Louisiana
(31.31265999975932, -92.44567999993188)"
1995,Maine,0.22,0.03,0.27,0.48,"Maine
(45.25423000041434, -68.9850299999344)"
1996,Maine,0.23,0.03,0.28,0.47,"Maine
(45.25423000041434, -68.9850299999344)"
1997,Maine,0.20,0.03,0.31,0.46,"Maine
(45.25423000041434, -68.9850299999344)"
1998,Maine,0.19,0.03,0.31,0.46,"Maine
(45.25423000041434, -68.9850299999344)"
1999,Maine,0.20,0.04,0.30,0.47,"Maine
(45.25423000041434, -68.9850299999344)"
2000,Maine,0.21,0.03,0.30,0.46,"Maine
(45.25423000041434, -68.9850299999344)"
2001,Maine,0.18,0.06,0.32,0.44,"Maine
(45.25423000041434, -68.9850299999344)"
2002,Maine,0.20,0.04,0.33,0.43,"Maine
(45.25423000041434, -68.9850299999344)"
2003,Maine,0.20,0.04,0.31,0.45,"Maine
(45.25423000041434, -68.9850299999344)"
2004,Maine,0.17,0.04,0.31,0.48,"Maine
(45.25423000041434, -68.9850299999344)"
2005,Maine,0.16,0.05,0.30,0.49,"Maine
(45.25423000041434, -68.9850299999344)"
2006,Maine,0.16,0.05,0.30,0.49,"Maine
(45.25423000041434, -68.9850299999344)"
2007,Maine,0.16,0.04,0.31,0.49,"Maine
(45.25423000041434, -68.9850299999344)"
2008,Maine,0.14,0.04,0.32,0.50,"Maine
(45.25423000041434, -68.9850299999344)"
2009,Maine,0.13,0.05,0.31,0.52,"Maine
(45.25423000041434, -68.9850299999344)"
2010,Maine,0.14,0.04,0.30,0.52,"Maine
(45.25423000041434, -68.9850299999344)"
1995,Maryland,0.18,0.03,0.21,0.58,"Maryland
(39.29057999976732, -76.6092600004485)"
1996,Maryland,0.18,0.03,0.23,0.56,"Maryland
(39.29057999976732, -76.6092600004485)"
1997,Maryland,0.18,0.03,0.23,0.57,"Maryland
(39.29057999976732, -76.6092600004485)"
1998,Maryland,0.17,0.06,0.24,0.53,"Maryland
(39.29057999976732, -76.6092600004485)"
1999,Maryland,0.16,0.05,0.24,0.56,"Maryland
(39.29057999976732, -76.6092600004485)"
2000,Maryland,0.15,0.05,0.24,0.56,"Maryland
(39.29057999976732, -76.6092600004485)"
2001,Maryland,0.15,0.06,0.25,0.54,"Maryland
(39.29057999976732, -76.6092600004485)"
2002,Maryland,0.16,0.06,0.24,0.54,"Maryland
(39.29057999976732, -76.6092600004485)"
2003,Maryland,0.15,0.05,0.24,0.56,"Maryland
(39.29057999976732, -76.6092600004485)"
2004,Maryland,0.15,0.05,0.23,0.58,"Maryland
(39.29057999976732, -76.6092600004485)"
2005,Maryland,0.13,0.06,0.23,0.58,"Maryland
(39.29057999976732, -76.6092600004485)"
2006,Maryland,0.13,0.05,0.23,0.60,"Maryland
(39.29057999976732, -76.6092600004485)"
2007,Maryland,0.12,0.06,0.24,0.59,"Maryland
(39.29057999976732, -76.6092600004485)"
2008,Maryland,0.11,0.04,0.24,0.61,"Maryland
(39.29057999976732, -76.6092600004485)"
2009,Maryland,0.10,0.05,0.23,0.62,"Maryland
(39.29057999976732, -76.6092600004485)"
2010,Maryland,0.11,0.05,0.24,0.61,"Maryland
(39.29057999976732, -76.6092600004485)"
1995,Massachusetts,0.19,0.03,0.30,0.48,"Massachusetts
(42.27687000005062, -72.08269000004333)"
1996,Massachusetts,0.18,0.05,0.30,0.46,"Massachusetts
(42.27687000005062, -72.08269000004333)"
1997,Massachusetts,0.16,0.04,0.30,0.50,"Massachusetts
(42.27687000005062, -72.08269000004333)"
1998,Massachusetts,0.17,0.04,0.28,0.51,"Massachusetts
(42.27687000005062, -72.08269000004333)"
1999,Massachusetts,0.15,0.04,0.26,0.55,"Massachusetts
(42.27687000005062, -72.08269000004333)"
2000,Massachusetts,0.15,0.05,0.28,0.52,"Massachusetts
(42.27687000005062, -72.08269000004333)"
2001,Massachusetts,0.15,0.05,0.30,0.51,"Massachusetts
(42.27687000005062, -72.08269000004333)"
2002,Massachusetts,0.14,0.05,0.29,0.52,"Massachusetts
(42.27687000005062, -72.08269000004333)"
2003,Massachusetts,0.15,0.05,0.31,0.50,"Massachusetts
(42.27687000005062, -72.08269000004333)"
2004,Massachusetts,0.14,0.05,0.27,0.55,"Massachusetts
(42.27687000005062, -72.08269000004333)"
2005,Massachusetts,0.14,0.05,0.28,0.55,"Massachusetts
(42.27687000005062, -72.08269000004333)"
2006,Massachusetts,0.13,0.05,0.28,0.55,"Massachusetts
(42.27687000005062, -72.08269000004333)"
2007,Massachusetts,0.12,0.04,0.29,0.55,"Massachusetts
(42.27687000005062, -72.08269000004333)"
2008,Massachusetts,0.12,0.04,0.28,0.56,"Massachusetts
(42.27687000005062, -72.08269000004333)"
2009,Massachusetts,0.11,0.04,0.29,0.57,"Massachusetts
(42.27687000005062, -72.08269000004333)"
2010,Massachusetts,0.10,0.04,0.29,0.57,"Massachusetts
(42.27687000005062, -72.08269000004333)"
1995,Michigan,0.22,0.04,0.28,0.46,"Michigan
(44.661320000317914, -84.71438999959867)"
1996,Michigan,0.21,0.05,0.26,0.49,"Michigan
(44.661320000317914, -84.71438999959867)"
1997,Michigan,0.21,0.05,0.25,0.49,"Michigan
(44.661320000317914, -84.71438999959867)"
1998,Michigan,0.23,0.05,0.25,0.47,"Michigan
(44.661320000317914, -84.71438999959867)"
1999,Michigan,0.20,0.06,0.24,0.51,"Michigan
(44.661320000317914, -84.71438999959867)"
2000,Michigan,0.19,0.05,0.25,0.50,"Michigan
(44.661320000317914, -84.71438999959867)"
2001,Michigan,0.20,0.06,0.26,0.49,"Michigan
(44.661320000317914, -84.71438999959867)"
2002,Michigan,0.19,0.05,0.27,0.49,"Michigan
(44.661320000317914, -84.71438999959867)"
2003,Michigan,0.21,0.05,0.26,0.48,"Michigan
(44.661320000317914, -84.71438999959867)"
2004,Michigan,0.17,0.06,0.25,0.52,"Michigan
(44.661320000317914, -84.71438999959867)"
2005,Michigan,0.17,0.05,0.26,0.52,"Michigan
(44.661320000317914, -84.71438999959867)"
2006,Michigan,0.17,0.06,0.25,0.52,"Michigan
(44.661320000317914, -84.71438999959867)"
2007,Michigan,0.16,0.05,0.25,0.54,"Michigan
(44.661320000317914, -84.71438999959867)"
2008,Michigan,0.15,0.06,0.26,0.54,"Michigan
(44.661320000317914, -84.71438999959867)"
2009,Michigan,0.14,0.06,0.26,0.55,"Michigan
(44.661320000317914, -84.71438999959867)"
2010,Michigan,0.14,0.05,0.25,0.56,"Michigan
(44.661320000317914, -84.71438999959867)"
1995,Minnesota,0.17,0.03,0.24,0.56,"Minnesota
(46.3556499998478, -94.79419999982997)"
1996,Minnesota,0.16,0.05,0.23,0.56,"Minnesota
(46.3556499998478, -94.79419999982997)"
1997,Minnesota,0.17,0.05,0.22,0.56,"Minnesota
(46.3556499998478, -94.79419999982997)"
1998,Minnesota,0.13,0.05,0.19,0.63,"Minnesota
(46.3556499998478, -94.79419999982997)"
1999,Minnesota,0.15,0.04,0.20,0.61,"Minnesota
(46.3556499998478, -94.79419999982997)"
2000,Minnesota,0.15,0.05,0.23,0.57,"Minnesota
(46.3556499998478, -94.79419999982997)"
2001,Minnesota,0.17,0.05,0.28,0.50,"Minnesota
(46.3556499998478, -94.79419999982997)"
2002,Minnesota,0.16,0.06,0.27,0.51,"Minnesota
(46.3556499998478, -94.79419999982997)"
2003,Minnesota,0.16,0.05,0.28,0.51,"Minnesota
(46.3556499998478, -94.79419999982997)"
2004,Minnesota,0.15,0.06,0.27,0.53,"Minnesota
(46.3556499998478, -94.79419999982997)"
2005,Minnesota,0.15,0.05,0.29,0.51,"Minnesota
(46.3556499998478, -94.79419999982997)"
2006,Minnesota,0.14,0.05,0.28,0.54,"Minnesota
(46.3556499998478, -94.79419999982997)"
2007,Minnesota,0.12,0.04,0.28,0.56,"Minnesota
(46.3556499998478, -94.79419999982997)"
2008,Minnesota,0.12,0.06,0.27,0.55,"Minnesota
(46.3556499998478, -94.79419999982997)"
2009,Minnesota,0.11,0.06,0.26,0.57,"Minnesota
(46.3556499998478, -94.79419999982997)"
2010,Minnesota,0.11,0.04,0.26,0.59,"Minnesota
(46.3556499998478, -94.79419999982997)"
1995,Mississippi,0.21,0.03,0.21,0.56,"Mississippi
(32.7455100000866, -89.53803000008429)"
1996,Mississippi,0.20,0.04,0.21,0.56,"Mississippi
(32.7455100000866, -89.53803000008429)"
1997,Mississippi,0.19,0.04,0.21,0.56,"Mississippi
(32.7455100000866, -89.53803000008429)"
1998,Mississippi,0.19,0.05,0.22,0.54,"Mississippi
(32.7455100000866, -89.53803000008429)"
1999,Mississippi,0.19,0.04,0.20,0.57,"Mississippi
(32.7455100000866, -89.53803000008429)"
2000,Mississippi,0.19,0.05,0.21,0.56,"Mississippi
(32.7455100000866, -89.53803000008429)"
2001,Mississippi,0.20,0.06,0.21,0.54,"Mississippi
(32.7455100000866, -89.53803000008429)"
2002,Mississippi,0.21,0.06,0.20,0.53,"Mississippi
(32.7455100000866, -89.53803000008429)"
2003,Mississippi,0.20,0.06,0.21,0.54,"Mississippi
(32.7455100000866, -89.53803000008429)"
2004,Mississippi,0.18,0.07,0.19,0.56,"Mississippi
(32.7455100000866, -89.53803000008429)"
2005,Mississippi,0.19,0.05,0.21,0.56,"Mississippi
(32.7455100000866, -89.53803000008429)"
2006,Mississippi,0.18,0.07,0.21,0.54,"Mississippi
(32.7455100000866, -89.53803000008429)"
2007,Mississippi,0.19,0.05,0.21,0.55,"Mississippi
(32.7455100000866, -89.53803000008429)"
2008,Mississippi,0.17,0.06,0.22,0.55,"Mississippi
(32.7455100000866, -89.53803000008429)"
2009,Mississippi,0.17,0.06,0.22,0.55,"Mississippi
(32.7455100000866, -89.53803000008429)"
2010,Mississippi,0.17,0.06,0.22,0.55,"Mississippi
(32.7455100000866, -89.53803000008429)"
1995,Missouri,0.22,0.02,0.27,0.49,"Missouri
(38.63578999960896, -92.5663000000448)"
1996,Missouri,0.23,0.05,0.25,0.48,"Missouri
(38.63578999960896, -92.5663000000448)"
1997,Missouri,0.25,0.04,0.22,0.50,"Missouri
(38.63578999960896, -92.5663000000448)"
1998,Missouri,0.22,0.04,0.24,0.50,"Missouri
(38.63578999960896, -92.5663000000448)"
1999,Missouri,0.23,0.04,0.25,0.48,"Missouri
(38.63578999960896, -92.5663000000448)"
2000,Missouri,0.23,0.05,0.25,0.48,"Missouri
(38.63578999960896, -92.5663000000448)"
2001,Missouri,0.20,0.06,0.25,0.50,"Missouri
(38.63578999960896, -92.5663000000448)"
2002,Missouri,0.22,0.05,0.26,0.48,"Missouri
(38.63578999960896, -92.5663000000448)"
2003,Missouri,0.23,0.04,0.24,0.49,"Missouri
(38.63578999960896, -92.5663000000448)"
2004,Missouri,0.19,0.06,0.24,0.52,"Missouri
(38.63578999960896, -92.5663000000448)"
2005,Missouri,0.19,0.05,0.24,0.52,"Missouri
(38.63578999960896, -92.5663000000448)"
2006,Missouri,0.19,0.05,0.27,0.50,"Missouri
(38.63578999960896, -92.5663000000448)"
2007,Missouri,0.20,0.05,0.23,0.52,"Missouri
(38.63578999960896, -92.5663000000448)"
2008,Missouri,0.20,0.05,0.25,0.50,"Missouri
(38.63578999960896, -92.5663000000448)"
2009,Missouri,0.18,0.05,0.25,0.52,"Missouri
(38.63578999960896, -92.5663000000448)"
2010,Missouri,0.17,0.04,0.26,0.53,"Missouri
(38.63578999960896, -92.5663000000448)"
1995,Montana,0.19,0.02,0.29,0.50,"Montana
(47.06653000015956, -109.42441999998289)"
1996,Montana,0.19,0.03,0.27,0.51,"Montana
(47.06653000015956, -109.42441999998289)"
1997,Montana,0.18,0.03,0.27,0.53,"Montana
(47.06653000015956, -109.42441999998289)"
1998,Montana,0.19,0.03,0.27,0.52,"Montana
(47.06653000015956, -109.42441999998289)"
1999,Montana,0.16,0.04,0.28,0.52,"Montana
(47.06653000015956, -109.42441999998289)"
2000,Montana,0.16,0.03,0.30,0.51,"Montana
(47.06653000015956, -109.42441999998289)"
2001,Montana,0.17,0.05,0.27,0.51,"Montana
(47.06653000015956, -109.42441999998289)"
2002,Montana,0.16,0.06,0.26,0.53,"Montana
(47.06653000015956, -109.42441999998289)"
2003,Montana,0.15,0.05,0.28,0.52,"Montana
(47.06653000015956, -109.42441999998289)"
2004,Montana,0.16,0.05,0.25,0.55,"Montana
(47.06653000015956, -109.42441999998289)"
2005,Montana,0.15,0.05,0.29,0.52,"Montana
(47.06653000015956, -109.42441999998289)"
2006,Montana,0.13,0.06,0.27,0.54,"Montana
(47.06653000015956, -109.42441999998289)"
2007,Montana,0.15,0.05,0.27,0.54,"Montana
(47.06653000015956, -109.42441999998289)"
2008,Montana,0.14,0.05,0.27,0.55,"Montana
(47.06653000015956, -109.42441999998289)"
2009,Montana,0.12,0.05,0.26,0.57,"Montana
(47.06653000015956, -109.42441999998289)"
2010,Montana,0.14,0.05,0.27,0.54,"Montana
(47.06653000015956, -109.42441999998289)"
1995,Nebraska,0.19,0.02,0.26,0.53,"Nebraska
(41.6410400000961, -99.36572999973953)"
1996,Nebraska,0.20,0.03,0.24,0.54,"Nebraska
(41.6410400000961, -99.36572999973953)"
1997,Nebraska,0.19,0.04,0.23,0.55,"Nebraska
(41.6410400000961, -99.36572999973953)"
1998,Nebraska,0.17,0.05,0.24,0.54,"Nebraska
(41.6410400000961, -99.36572999973953)"
1999,Nebraska,0.18,0.05,0.22,0.55,"Nebraska
(41.6410400000961, -99.36572999973953)"
2000,Nebraska,0.17,0.05,0.24,0.55,"Nebraska
(41.6410400000961, -99.36572999973953)"
2001,Nebraska,0.16,0.04,0.22,0.57,"Nebraska
(41.6410400000961, -99.36572999973953)"
2002,Nebraska,0.18,0.05,0.23,0.54,"Nebraska
(41.6410400000961, -99.36572999973953)"
2003,Nebraska,0.16,0.05,0.24,0.55,"Nebraska
(41.6410400000961, -99.36572999973953)"
2004,Nebraska,0.15,0.05,0.21,0.59,"Nebraska
(41.6410400000961, -99.36572999973953)"
2005,Nebraska,0.16,0.05,0.23,0.56,"Nebraska
(41.6410400000961, -99.36572999973953)"
2006,Nebraska,0.14,0.05,0.24,0.58,"Nebraska
(41.6410400000961, -99.36572999973953)"
2007,Nebraska,0.15,0.06,0.24,0.56,"Nebraska
(41.6410400000961, -99.36572999973953)"
2008,Nebraska,0.13,0.05,0.25,0.57,"Nebraska
(41.6410400000961, -99.36572999973953)"
2009,Nebraska,0.13,0.04,0.25,0.59,"Nebraska
(41.6410400000961, -99.36572999973953)"
2010,Nebraska,0.13,0.05,0.25,0.58,"Nebraska
(41.6410400000961, -99.36572999973953)"
1995,Nevada,0.23,0.03,0.27,0.47,"Nevada
(39.49323999972637, -117.07183999971608)"
1996,Nevada,0.25,0.03,0.27,0.45,"Nevada
(39.49323999972637, -117.07183999971608)"
1997,Nevada,0.23,0.05,0.25,0.47,"Nevada
(39.49323999972637, -117.07183999971608)"
1998,Nevada,0.24,0.07,0.24,0.46,"Nevada
(39.49323999972637, -117.07183999971608)"
1999,Nevada,0.24,0.07,0.29,0.40,"Nevada
(39.49323999972637, -117.07183999971608)"
2000,Nevada,0.22,0.07,0.27,0.44,"Nevada
(39.49323999972637, -117.07183999971608)"
2001,Nevada,0.21,0.06,0.26,0.47,"Nevada
(39.49323999972637, -117.07183999971608)"
2002,Nevada,0.21,0.05,0.25,0.49,"Nevada
(39.49323999972637, -117.07183999971608)"
2003,Nevada,0.20,0.05,0.25,0.50,"Nevada
(39.49323999972637, -117.07183999971608)"
2004,Nevada,0.17,0.07,0.24,0.52,"Nevada
(39.49323999972637, -117.07183999971608)"
2005,Nevada,0.17,0.07,0.24,0.53,"Nevada
(39.49323999972637, -117.07183999971608)"
2006,Nevada,0.16,0.07,0.26,0.52,"Nevada
(39.49323999972637, -117.07183999971608)"
2007,Nevada,0.16,0.05,0.25,0.53,"Nevada
(39.49323999972637, -117.07183999971608)"
2008,Nevada,0.16,0.06,0.25,0.53,"Nevada
(39.49323999972637, -117.07183999971608)"
2009,Nevada,0.16,0.06,0.27,0.51,"Nevada
(39.49323999972637, -117.07183999971608)"
2010,Nevada,0.17,0.05,0.26,0.53,"Nevada
(39.49323999972637, -117.07183999971608)"
1995,New Hampshire,0.19,0.02,0.33,0.46,"New Hampshire
(43.65595000019255, -71.50036000041354)"
1996,New Hampshire,0.21,0.04,0.29,0.46,"New Hampshire
(43.65595000019255, -71.50036000041354)"
1997,New Hampshire,0.20,0.05,0.31,0.44,"New Hampshire
(43.65595000019255, -71.50036000041354)"
1998,New Hampshire,0.18,0.05,0.29,0.48,"New Hampshire
(43.65595000019255, -71.50036000041354)"
1999,New Hampshire,0.18,0.04,0.29,0.49,"New Hampshire
(43.65595000019255, -71.50036000041354)"
2000,New Hampshire,0.20,0.06,0.30,0.45,"New Hampshire
(43.65595000019255, -71.50036000041354)"
2001,New Hampshire,0.19,0.05,0.29,0.47,"New Hampshire
(43.65595000019255, -71.50036000041354)"
2002,New Hampshire,0.19,0.05,0.30,0.47,"New Hampshire
(43.65595000019255, -71.50036000041354)"
2003,New Hampshire,0.17,0.04,0.31,0.48,"New Hampshire
(43.65595000019255, -71.50036000041354)"
2004,New Hampshire,0.17,0.05,0.29,0.50,"New Hampshire
(43.65595000019255, -71.50036000041354)"
2005,New Hampshire,0.15,0.05,0.30,0.50,"New Hampshire
(43.65595000019255, -71.50036000041354)"
2006,New Hampshire,0.14,0.04,0.30,0.52,"New Hampshire
(43.65595000019255, -71.50036000041354)"
2007,New Hampshire,0.15,0.04,0.30,0.50,"New Hampshire
(43.65595000019255, -71.50036000041354)"
2008,New Hampshire,0.13,0.04,0.31,0.52,"New Hampshire
(43.65595000019255, -71.50036000041354)"
2009,New Hampshire,0.11,0.05,0.29,0.55,"New Hampshire
(43.65595000019255, -71.50036000041354)"
2010,New Hampshire,0.12,0.05,0.31,0.52,"New Hampshire
(43.65595000019255, -71.50036000041354)"
1995,New Jersey,0.15,0.04,0.25,0.56,"New Jersey
(40.13056999960594, -74.2736899996936)"
1996,New Jersey,0.18,0.05,0.25,0.53,"New Jersey
(40.13056999960594, -74.2736899996936)"
1997,New Jersey,0.17,0.05,0.26,0.52,"New Jersey
(40.13056999960594, -74.2736899996936)"
1998,New Jersey,0.15,0.04,0.26,0.55,"New Jersey
(40.13056999960594, -74.2736899996936)"
1999,New Jersey,0.15,0.06,0.21,0.58,"New Jersey
(40.13056999960594, -74.2736899996936)"
2000,New Jersey,0.15,0.06,0.22,0.57,"New Jersey
(40.13056999960594, -74.2736899996936)"
2001,New Jersey,0.15,0.06,0.26,0.53,"New Jersey
(40.13056999960594, -74.2736899996936)"
2002,New Jersey,0.14,0.05,0.26,0.55,"New Jersey
(40.13056999960594, -74.2736899996936)"
2003,New Jersey,0.14,0.05,0.26,0.54,"New Jersey
(40.13056999960594, -74.2736899996936)"
2004,New Jersey,0.13,0.06,0.24,0.57,"New Jersey
(40.13056999960594, -74.2736899996936)"
2005,New Jersey,0.13,0.05,0.26,0.57,"New Jersey
(40.13056999960594, -74.2736899996936)"
2006,New Jersey,0.12,0.06,0.24,0.58,"New Jersey
(40.13056999960594, -74.2736899996936)"
2007,New Jersey,0.12,0.05,0.25,0.58,"New Jersey
(40.13056999960594, -74.2736899996936)"
2008,New Jersey,0.11,0.04,0.24,0.61,"New Jersey
(40.13056999960594, -74.2736899996936)"
2009,New Jersey,0.10,0.06,0.25,0.59,"New Jersey
(40.13056999960594, -74.2736899996936)"
2010,New Jersey,0.10,0.04,0.26,0.59,"New Jersey
(40.13056999960594, -74.2736899996936)"
1995,New Mexico,0.18,0.03,0.28,0.52,"New Mexico
(34.52088000011207, -106.24057999976702)"
1996,New Mexico,0.17,0.06,0.24,0.53,"New Mexico
(34.52088000011207, -106.24057999976702)"
1997,New Mexico,0.16,0.07,0.25,0.53,"New Mexico
(34.52088000011207, -106.24057999976702)"
1998,New Mexico,0.16,0.06,0.24,0.53,"New Mexico
(34.52088000011207, -106.24057999976702)"
1999,New Mexico,0.16,0.06,0.25,0.53,"New Mexico
(34.52088000011207, -106.24057999976702)"
2000,New Mexico,0.17,0.07,0.26,0.51,"New Mexico
(34.52088000011207, -106.24057999976702)"
2001,New Mexico,0.16,0.08,0.25,0.51,"New Mexico
(34.52088000011207, -106.24057999976702)"
2002,New Mexico,0.15,0.06,0.26,0.53,"New Mexico
(34.52088000011207, -106.24057999976702)"
2003,New Mexico,0.16,0.06,0.26,0.52,"New Mexico
(34.52088000011207, -106.24057999976702)"
2004,New Mexico,0.13,0.07,0.24,0.56,"New Mexico
(34.52088000011207, -106.24057999976702)"
2005,New Mexico,0.15,0.07,0.24,0.54,"New Mexico
(34.52088000011207, -106.24057999976702)"
2006,New Mexico,0.14,0.06,0.25,0.55,"New Mexico
(34.52088000011207, -106.24057999976702)"
2007,New Mexico,0.13,0.08,0.25,0.54,"New Mexico
(34.52088000011207, -106.24057999976702)"
2008,New Mexico,0.13,0.07,0.25,0.56,"New Mexico
(34.52088000011207, -106.24057999976702)"
2009,New Mexico,0.11,0.07,0.26,0.56,"New Mexico
(34.52088000011207, -106.24057999976702)"
2010,New Mexico,0.11,0.07,0.25,0.57,"New Mexico
(34.52088000011207, -106.24057999976702)"
1995,New York,0.19,0.02,0.25,0.53,"New York
(42.82699999955048, -75.54396999981549)"
1996,New York,0.19,0.04,0.24,0.53,"New York
(42.82699999955048, -75.54396999981549)"
1997,New York,0.19,0.04,0.24,0.53,"New York
(42.82699999955048, -75.54396999981549)"
1998,New York,0.18,0.06,0.24,0.52,"New York
(42.82699999955048, -75.54396999981549)"
1999,New York,0.17,0.05,0.23,0.55,"New York
(42.82699999955048, -75.54396999981549)"
2000,New York,0.16,0.06,0.26,0.53,"New York
(42.82699999955048, -75.54396999981549)"
2001,New York,0.17,0.07,0.24,0.53,"New York
(42.82699999955048, -75.54396999981549)"
2002,New York,0.17,0.05,0.25,0.53,"New York
(42.82699999955048, -75.54396999981549)"
2003,New York,0.17,0.05,0.25,0.53,"New York
(42.82699999955048, -75.54396999981549)"
2004,New York,0.14,0.06,0.24,0.56,"New York
(42.82699999955048, -75.54396999981549)"
2005,New York,0.15,0.06,0.26,0.54,"New York
(42.82699999955048, -75.54396999981549)"
2006,New York,0.13,0.05,0.25,0.57,"New York
(42.82699999955048, -75.54396999981549)"
2007,New York,0.13,0.06,0.26,0.56,"New York
(42.82699999955048, -75.54396999981549)"
2008,New York,0.12,0.05,0.25,0.58,"New York
(42.82699999955048, -75.54396999981549)"
2009,New York,0.12,0.06,0.26,0.56,"New York
(42.82699999955048, -75.54396999981549)"
2010,New York,0.11,0.05,0.27,0.58,"New York
(42.82699999955048, -75.54396999981549)"
1995,North Carolina,0.23,0.03,0.23,0.52,"North Carolina
(35.46624999963797, -79.1593199999179)"
1996,North Carolina,0.22,0.04,0.23,0.51,"North Carolina
(35.46624999963797, -79.1593199999179)"
1997,North Carolina,0.21,0.05,0.22,0.52,"North Carolina
(35.46624999963797, -79.1593199999179)"
1998,North Carolina,0.21,0.04,0.23,0.52,"North Carolina
(35.46624999963797, -79.1593199999179)"
1999,North Carolina,0.21,0.04,0.23,0.52,"North Carolina
(35.46624999963797, -79.1593199999179)"
2000,North Carolina,0.21,0.05,0.24,0.50,"North Carolina
(35.46624999963797, -79.1593199999179)"
2001,North Carolina,0.21,0.05,0.24,0.50,"North Carolina
(35.46624999963797, -79.1593199999179)"
2002,North Carolina,0.21,0.05,0.24,0.50,"North Carolina
(35.46624999963797, -79.1593199999179)"
2003,North Carolina,0.19,0.06,0.23,0.52,"North Carolina
(35.46624999963797, -79.1593199999179)"
2004,North Carolina,0.18,0.06,0.21,0.56,"North Carolina
(35.46624999963797, -79.1593199999179)"
2005,North Carolina,0.17,0.06,0.24,0.54,"North Carolina
(35.46624999963797, -79.1593199999179)"
2006,North Carolina,0.17,0.05,0.24,0.54,"North Carolina
(35.46624999963797, -79.1593199999179)"
2007,North Carolina,0.18,0.05,0.25,0.52,"North Carolina
(35.46624999963797, -79.1593199999179)"
2008,North Carolina,0.16,0.05,0.25,0.54,"North Carolina
(35.46624999963797, -79.1593199999179)"
2009,North Carolina,0.14,0.06,0.26,0.54,"North Carolina
(35.46624999963797, -79.1593199999179)"
2010,North Carolina,0.14,0.05,0.25,0.56,"North Carolina
(35.46624999963797, -79.1593199999179)"
1995,North Dakota,0.20,0.03,0.24,0.53,"North Dakota
(47.475320000018144, -100.11841999998285)"
1996,North Dakota,0.20,0.04,0.26,0.51,"North Dakota
(47.475320000018144, -100.11841999998285)"
1997,North Dakota,0.20,0.03,0.24,0.53,"North Dakota
(47.475320000018144, -100.11841999998285)"
1998,North Dakota,0.17,0.03,0.28,0.52,"North Dakota
(47.475320000018144, -100.11841999998285)"
1999,North Dakota,0.17,0.05,0.25,0.53,"North Dakota
(47.475320000018144, -100.11841999998285)"
2000,North Dakota,0.18,0.06,0.23,0.53,"North Dakota
(47.475320000018144, -100.11841999998285)"
2001,North Dakota,0.16,0.07,0.25,0.53,"North Dakota
(47.475320000018144, -100.11841999998285)"
2002,North Dakota,0.16,0.05,0.27,0.52,"North Dakota
(47.475320000018144, -100.11841999998285)"
2003,North Dakota,0.16,0.04,0.26,0.54,"North Dakota
(47.475320000018144, -100.11841999998285)"
2004,North Dakota,0.15,0.05,0.24,0.57,"North Dakota
(47.475320000018144, -100.11841999998285)"
2005,North Dakota,0.15,0.05,0.26,0.54,"North Dakota
(47.475320000018144, -100.11841999998285)"
2006,North Dakota,0.16,0.04,0.24,0.56,"North Dakota
(47.475320000018144, -100.11841999998285)"
2007,North Dakota,0.15,0.06,0.25,0.54,"North Dakota
(47.475320000018144, -100.11841999998285)"
2008,North Dakota,0.13,0.05,0.25,0.57,"North Dakota
(47.475320000018144, -100.11841999998285)"
2009,North Dakota,0.13,0.05,0.24,0.57,"North Dakota
(47.475320000018144, -100.11841999998285)"
2010,North Dakota,0.12,0.05,0.24,0.59,"North Dakota
(47.475320000018144, -100.11841999998285)"
1995,Ohio,0.24,0.02,0.24,0.50,"Ohio
(40.06020999969189, -82.40426000019869)"
1996,Ohio,0.26,0.03,0.21,0.50,"Ohio
(40.06020999969189, -82.40426000019869)"
1997,Ohio,0.23,0.02,0.23,0.52,"Ohio
(40.06020999969189, -82.40426000019869)"
1998,Ohio,0.22,0.05,0.24,0.50,"Ohio
(40.06020999969189, -82.40426000019869)"
1999,Ohio,0.24,0.04,0.24,0.48,"Ohio
(40.06020999969189, -82.40426000019869)"
2000,Ohio,0.21,0.05,0.23,0.51,"Ohio
(40.06020999969189, -82.40426000019869)"
2001,Ohio,0.22,0.06,0.23,0.49,"Ohio
(40.06020999969189, -82.40426000019869)"
2002,Ohio,0.21,0.05,0.25,0.49,"Ohio
(40.06020999969189, -82.40426000019869)"
2003,Ohio,0.20,0.06,0.24,0.51,"Ohio
(40.06020999969189, -82.40426000019869)"
2004,Ohio,0.21,0.05,0.22,0.52,"Ohio
(40.06020999969189, -82.40426000019869)"
2005,Ohio,0.18,0.05,0.26,0.52,"Ohio
(40.06020999969189, -82.40426000019869)"
2006,Ohio,0.17,0.06,0.24,0.53,"Ohio
(40.06020999969189, -82.40426000019869)"
2007,Ohio,0.18,0.05,0.25,0.52,"Ohio
(40.06020999969189, -82.40426000019869)"
2008,Ohio,0.16,0.05,0.25,0.54,"Ohio
(40.06020999969189, -82.40426000019869)"
2009,Ohio,0.16,0.05,0.26,0.54,"Ohio
(40.06020999969189, -82.40426000019869)"
2010,Ohio,0.17,0.05,0.25,0.53,"Ohio
(40.06020999969189, -82.40426000019869)"
1995,Oklahoma,0.20,0.01,0.17,0.61,"Oklahoma
(35.4720099999617, -97.52034999975251)"
1996,Oklahoma,0.22,0.03,0.18,0.58,"Oklahoma
(35.4720099999617, -97.52034999975251)"
1997,Oklahoma,0.21,0.03,0.19,0.56,"Oklahoma
(35.4720099999617, -97.52034999975251)"
1998,Oklahoma,0.20,0.04,0.20,0.57,"Oklahoma
(35.4720099999617, -97.52034999975251)"
1999,Oklahoma,0.22,0.03,0.19,0.56,"Oklahoma
(35.4720099999617, -97.52034999975251)"
2000,Oklahoma,0.20,0.04,0.19,0.57,"Oklahoma
(35.4720099999617, -97.52034999975251)"
2001,Oklahoma,0.23,0.06,0.22,0.50,"Oklahoma
(35.4720099999617, -97.52034999975251)"
2002,Oklahoma,0.22,0.05,0.22,0.52,"Oklahoma
(35.4720099999617, -97.52034999975251)"
2003,Oklahoma,0.20,0.05,0.22,0.53,"Oklahoma
(35.4720099999617, -97.52034999975251)"
2004,Oklahoma,0.20,0.06,0.23,0.51,"Oklahoma
(35.4720099999617, -97.52034999975251)"
2005,Oklahoma,0.19,0.06,0.24,0.51,"Oklahoma
(35.4720099999617, -97.52034999975251)"
2006,Oklahoma,0.19,0.06,0.24,0.51,"Oklahoma
(35.4720099999617, -97.52034999975251)"
2007,Oklahoma,0.20,0.06,0.23,0.51,"Oklahoma
(35.4720099999617, -97.52034999975251)"
2008,Oklahoma,0.19,0.06,0.25,0.51,"Oklahoma
(35.4720099999617, -97.52034999975251)"
2009,Oklahoma,0.19,0.07,0.25,0.50,"Oklahoma
(35.4720099999617, -97.52034999975251)"
2010,Oklahoma,0.18,0.06,0.24,0.52,"Oklahoma
(35.4720099999617, -97.52034999975251)"
1995,Oregon,0.19,0.03,0.28,0.50,"Oregon
(44.567449999917756, -120.15502999983448)"
1996,Oregon,0.19,0.04,0.28,0.49,"Oregon
(44.567449999917756, -120.15502999983448)"
1997,Oregon,0.16,0.05,0.30,0.49,"Oregon
(44.567449999917756, -120.15502999983448)"
1998,Oregon,0.16,0.05,0.27,0.52,"Oregon
(44.567449999917756, -120.15502999983448)"
1999,Oregon,0.16,0.05,0.28,0.51,"Oregon
(44.567449999917756, -120.15502999983448)"
2000,Oregon,0.15,0.05,0.28,0.51,"Oregon
(44.567449999917756, -120.15502999983448)"
2001,Oregon,0.15,0.06,0.29,0.51,"Oregon
(44.567449999917756, -120.15502999983448)"
2002,Oregon,0.17,0.05,0.28,0.49,"Oregon
(44.567449999917756, -120.15502999983448)"
2003,Oregon,0.16,0.05,0.27,0.52,"Oregon
(44.567449999917756, -120.15502999983448)"
2004,Oregon,0.14,0.06,0.25,0.55,"Oregon
(44.567449999917756, -120.15502999983448)"
2005,Oregon,0.13,0.05,0.27,0.54,"Oregon
(44.567449999917756, -120.15502999983448)"
2006,Oregon,0.14,0.05,0.26,0.56,"Oregon
(44.567449999917756, -120.15502999983448)"
2007,Oregon,0.13,0.04,0.28,0.55,"Oregon
(44.567449999917756, -120.15502999983448)"
2008,Oregon,0.12,0.05,0.25,0.59,"Oregon
(44.567449999917756, -120.15502999983448)"
2009,Oregon,0.13,0.05,0.28,0.55,"Oregon
(44.567449999917756, -120.15502999983448)"
2010,Oregon,0.11,0.04,0.28,0.57,"Oregon
(44.567449999917756, -120.15502999983448)"
1995,Pennsylvania,0.20,0.03,0.28,0.48,"Pennsylvania
(40.79372999993973, -77.86069999960512)"
1996,Pennsylvania,0.20,0.04,0.23,0.52,"Pennsylvania
(40.79372999993973, -77.86069999960512)"
1997,Pennsylvania,0.20,0.04,0.23,0.53,"Pennsylvania
(40.79372999993973, -77.86069999960512)"
1998,Pennsylvania,0.19,0.04,0.23,0.53,"Pennsylvania
(40.79372999993973, -77.86069999960512)"
1999,Pennsylvania,0.18,0.05,0.23,0.54,"Pennsylvania
(40.79372999993973, -77.86069999960512)"
2000,Pennsylvania,0.19,0.05,0.25,0.51,"Pennsylvania
(40.79372999993973, -77.86069999960512)"
2001,Pennsylvania,0.19,0.06,0.24,0.51,"Pennsylvania
(40.79372999993973, -77.86069999960512)"
2002,Pennsylvania,0.20,0.05,0.26,0.50,"Pennsylvania
(40.79372999993973, -77.86069999960512)"
2003,Pennsylvania,0.20,0.05,0.25,0.49,"Pennsylvania
(40.79372999993973, -77.86069999960512)"
2004,Pennsylvania,0.18,0.05,0.24,0.53,"Pennsylvania
(40.79372999993973, -77.86069999960512)"
2005,Pennsylvania,0.18,0.06,0.25,0.51,"Pennsylvania
(40.79372999993973, -77.86069999960512)"
2006,Pennsylvania,0.17,0.05,0.26,0.53,"Pennsylvania
(40.79372999993973, -77.86069999960512)"
2007,Pennsylvania,0.15,0.06,0.24,0.55,"Pennsylvania
(40.79372999993973, -77.86069999960512)"
2008,Pennsylvania,0.16,0.06,0.25,0.53,"Pennsylvania
(40.79372999993973, -77.86069999960512)"
2009,Pennsylvania,0.15,0.05,0.26,0.54,"Pennsylvania
(40.79372999993973, -77.86069999960512)"
2010,Pennsylvania,0.13,0.05,0.26,0.55,"Pennsylvania
(40.79372999993973, -77.86069999960512)"
1995,Rhode Island,0.21,0.04,0.29,0.46,"Rhode Island
(41.70828000002217, -71.5224700001902)"
1996,Rhode Island,0.18,0.05,0.27,0.50,"Rhode Island
(41.70828000002217, -71.5224700001902)"
1997,Rhode Island,0.20,0.05,0.27,0.49,"Rhode Island
(41.70828000002217, -71.5224700001902)"
1998,Rhode Island,0.18,0.04,0.29,0.48,"Rhode Island
(41.70828000002217, -71.5224700001902)"
1999,Rhode Island,0.18,0.04,0.26,0.52,"Rhode Island
(41.70828000002217, -71.5224700001902)"
2000,Rhode Island,0.18,0.05,0.27,0.50,"Rhode Island
(41.70828000002217, -71.5224700001902)"
2001,Rhode Island,0.18,0.06,0.29,0.47,"Rhode Island
(41.70828000002217, -71.5224700001902)"
2002,Rhode Island,0.18,0.05,0.30,0.48,"Rhode Island
(41.70828000002217, -71.5224700001902)"
2003,Rhode Island,0.17,0.05,0.29,0.49,"Rhode Island
(41.70828000002217, -71.5224700001902)"
2004,Rhode Island,0.16,0.06,0.29,0.50,"Rhode Island
(41.70828000002217, -71.5224700001902)"
2005,Rhode Island,0.15,0.04,0.29,0.51,"Rhode Island
(41.70828000002217, -71.5224700001902)"
2006,Rhode Island,0.15,0.04,0.29,0.52,"Rhode Island
(41.70828000002217, -71.5224700001902)"
2007,Rhode Island,0.12,0.05,0.28,0.55,"Rhode Island
(41.70828000002217, -71.5224700001902)"
2008,Rhode Island,0.13,0.04,0.28,0.55,"Rhode Island
(41.70828000002217, -71.5224700001902)"
2009,Rhode Island,0.10,0.05,0.30,0.55,"Rhode Island
(41.70828000002217, -71.5224700001902)"
2010,Rhode Island,0.11,0.05,0.28,0.56,"Rhode Island
(41.70828000002217, -71.5224700001902)"
1995,South Carolina,0.21,0.03,0.20,0.56,"South Carolina
(33.99855000018255, -81.0452500001872)"
1996,South Carolina,0.21,0.03,0.20,0.55,"South Carolina
(33.99855000018255, -81.0452500001872)"
1997,South Carolina,0.20,0.03,0.20,0.57,"South Carolina
(33.99855000018255, -81.0452500001872)"
1998,South Carolina,0.20,0.05,0.21,0.55,"South Carolina
(33.99855000018255, -81.0452500001872)"
1999,South Carolina,0.18,0.06,0.20,0.56,"South Carolina
(33.99855000018255, -81.0452500001872)"
2000,South Carolina,0.19,0.06,0.22,0.53,"South Carolina
(33.99855000018255, -81.0452500001872)"
2001,South Carolina,0.19,0.07,0.21,0.53,"South Carolina
(33.99855000018255, -81.0452500001872)"
2002,South Carolina,0.21,0.06,0.23,0.51,"South Carolina
(33.99855000018255, -81.0452500001872)"
2003,South Carolina,0.20,0.06,0.23,0.52,"South Carolina
(33.99855000018255, -81.0452500001872)"
2004,South Carolina,0.18,0.06,0.22,0.54,"South Carolina
(33.99855000018255, -81.0452500001872)"
2005,South Carolina,0.17,0.06,0.24,0.53,"South Carolina
(33.99855000018255, -81.0452500001872)"
2006,South Carolina,0.17,0.06,0.25,0.53,"South Carolina
(33.99855000018255, -81.0452500001872)"
2007,South Carolina,0.16,0.06,0.25,0.53,"South Carolina
(33.99855000018255, -81.0452500001872)"
2008,South Carolina,0.14,0.06,0.25,0.55,"South Carolina
(33.99855000018255, -81.0452500001872)"
2009,South Carolina,0.15,0.06,0.25,0.55,"South Carolina
(33.99855000018255, -81.0452500001872)"
2010,South Carolina,0.14,0.07,0.24,0.55,"South Carolina
(33.99855000018255, -81.0452500001872)"
1995,South Dakota,0.20,0.02,0.24,0.54,"South Dakota
(44.353130000049646, -100.37353000040906)"
1996,South Dakota,0.18,0.03,0.25,0.54,"South Dakota
(44.353130000049646, -100.37353000040906)"
1997,South Dakota,0.19,0.06,0.26,0.50,"South Dakota
(44.353130000049646, -100.37353000040906)"
1998,South Dakota,0.22,0.05,0.20,0.52,"South Dakota
(44.353130000049646, -100.37353000040906)"
1999,South Dakota,0.18,0.05,0.25,0.52,"South Dakota
(44.353130000049646, -100.37353000040906)"
2000,South Dakota,0.17,0.05,0.25,0.54,"South Dakota
(44.353130000049646, -100.37353000040906)"
2001,South Dakota,0.17,0.06,0.25,0.53,"South Dakota
(44.353130000049646, -100.37353000040906)"
2002,South Dakota,0.18,0.05,0.22,0.55,"South Dakota
(44.353130000049646, -100.37353000040906)"
2003,South Dakota,0.16,0.06,0.25,0.52,"South Dakota
(44.353130000049646, -100.37353000040906)"
2004,South Dakota,0.14,0.06,0.24,0.56,"South Dakota
(44.353130000049646, -100.37353000040906)"
2005,South Dakota,0.14,0.06,0.25,0.55,"South Dakota
(44.353130000049646, -100.37353000040906)"
2006,South Dakota,0.15,0.06,0.25,0.55,"South Dakota
(44.353130000049646, -100.37353000040906)"
2007,South Dakota,0.14,0.06,0.24,0.56,"South Dakota
(44.353130000049646, -100.37353000040906)"
2008,South Dakota,0.12,0.06,0.26,0.56,"South Dakota
(44.353130000049646, -100.37353000040906)"
2009,South Dakota,0.13,0.05,0.27,0.55,"South Dakota
(44.353130000049646, -100.37353000040906)"
2010,South Dakota,0.11,0.04,0.27,0.58,"South Dakota
(44.353130000049646, -100.37353000040906)"
1995,Tennessee,0.24,0.02,0.20,0.54,"Tennessee
(35.68094000038087, -85.77449000011325)"
1996,Tennessee,0.25,0.03,0.20,0.52,"Tennessee
(35.68094000038087, -85.77449000011325)"
1997,Tennessee,0.24,0.03,0.21,0.52,"Tennessee
(35.68094000038087, -85.77449000011325)"
1998,Tennessee,0.23,0.03,0.22,0.52,"Tennessee
(35.68094000038087, -85.77449000011325)"
1999,Tennessee,0.22,0.03,0.21,0.54,"Tennessee
(35.68094000038087, -85.77449000011325)"
2000,Tennessee,0.22,0.04,0.22,0.52,"Tennessee
(35.68094000038087, -85.77449000011325)"
2001,Tennessee,0.20,0.05,0.19,0.57,"Tennessee
(35.68094000038087, -85.77449000011325)"
2002,Tennessee,0.23,0.05,0.19,0.54,"Tennessee
(35.68094000038087, -85.77449000011325)"
2003,Tennessee,0.21,0.05,0.19,0.55,"Tennessee
(35.68094000038087, -85.77449000011325)"
2004,Tennessee,0.22,0.05,0.22,0.52,"Tennessee
(35.68094000038087, -85.77449000011325)"
2005,Tennessee,0.20,0.06,0.22,0.51,"Tennessee
(35.68094000038087, -85.77449000011325)"
2006,Tennessee,0.18,0.04,0.24,0.54,"Tennessee
(35.68094000038087, -85.77449000011325)"
2007,Tennessee,0.20,0.04,0.24,0.52,"Tennessee
(35.68094000038087, -85.77449000011325)"
2008,Tennessee,0.18,0.05,0.22,0.55,"Tennessee
(35.68094000038087, -85.77449000011325)"
2009,Tennessee,0.18,0.04,0.25,0.53,"Tennessee
(35.68094000038087, -85.77449000011325)"
2010,Tennessee,0.16,0.04,0.23,0.57,"Tennessee
(35.68094000038087, -85.77449000011325)"
1995,Texas,0.20,0.04,0.24,0.53,"Texas
(31.82724000022597, -99.42676999973554)"
1996,Texas,0.17,0.06,0.21,0.56,"Texas
(31.82724000022597, -99.42676999973554)"
1997,Texas,0.16,0.06,0.20,0.57,"Texas
(31.82724000022597, -99.42676999973554)"
1998,Texas,0.16,0.06,0.23,0.56,"Texas
(31.82724000022597, -99.42676999973554)"
1999,Texas,0.15,0.08,0.23,0.54,"Texas
(31.82724000022597, -99.42676999973554)"
2000,Texas,0.15,0.07,0.22,0.56,"Texas
(31.82724000022597, -99.42676999973554)"
2001,Texas,0.16,0.07,0.21,0.57,"Texas
(31.82724000022597, -99.42676999973554)"
2002,Texas,0.17,0.06,0.21,0.56,"Texas
(31.82724000022597, -99.42676999973554)"
2003,Texas,0.16,0.07,0.22,0.56,"Texas
(31.82724000022597, -99.42676999973554)"
2004,Texas,0.14,0.07,0.20,0.59,"Texas
(31.82724000022597, -99.42676999973554)"
2005,Texas,0.13,0.07,0.21,0.59,"Texas
(31.82724000022597, -99.42676999973554)"
2006,Texas,0.13,0.05,0.22,0.60,"Texas
(31.82724000022597, -99.42676999973554)"
2007,Texas,0.13,0.06,0.21,0.60,"Texas
(31.82724000022597, -99.42676999973554)"
2008,Texas,0.12,0.07,0.22,0.60,"Texas
(31.82724000022597, -99.42676999973554)"
2009,Texas,0.12,0.06,0.22,0.61,"Texas
(31.82724000022597, -99.42676999973554)"
2010,Texas,0.11,0.05,0.21,0.63,"Texas
(31.82724000022597, -99.42676999973554)"
1997,Utah,0.11,0.03,0.17,0.69,"Utah
(39.36070000030492, -111.58712999994941)"
1998,Utah,0.11,0.04,0.19,0.67,"Utah
(39.36070000030492, -111.58712999994941)"
1999,Utah,0.10,0.04,0.17,0.69,"Utah
(39.36070000030492, -111.58712999994941)"
2000,Utah,0.10,0.03,0.18,0.69,"Utah
(39.36070000030492, -111.58712999994941)"
2001,Utah,0.09,0.04,0.17,0.70,"Utah
(39.36070000030492, -111.58712999994941)"
2002,Utah,0.10,0.03,0.17,0.70,"Utah
(39.36070000030492, -111.58712999994941)"
2003,Utah,0.09,0.03,0.17,0.72,"Utah
(39.36070000030492, -111.58712999994941)"
2004,Utah,0.08,0.03,0.16,0.74,"Utah
(39.36070000030492, -111.58712999994941)"
2005,Utah,0.09,0.03,0.16,0.73,"Utah
(39.36070000030492, -111.58712999994941)"
2006,Utah,0.07,0.03,0.17,0.74,"Utah
(39.36070000030492, -111.58712999994941)"
2007,Utah,0.08,0.03,0.16,0.73,"Utah
(39.36070000030492, -111.58712999994941)"
2008,Utah,0.07,0.03,0.16,0.75,"Utah
(39.36070000030492, -111.58712999994941)"
2009,Utah,0.07,0.03,0.15,0.75,"Utah
(39.36070000030492, -111.58712999994941)"
2010,Utah,0.06,0.03,0.14,0.77,"Utah
(39.36070000030492, -111.58712999994941)"
1995,Vermont,0.19,0.03,0.32,0.47,"Vermont
(43.625379999687425, -72.51764000028561)"
1996,Vermont,0.19,0.05,0.29,0.47,"Vermont
(43.625379999687425, -72.51764000028561)"
1997,Vermont,0.20,0.04,0.29,0.48,"Vermont
(43.625379999687425, -72.51764000028561)"
1998,Vermont,0.19,0.04,0.29,0.49,"Vermont
(43.625379999687425, -72.51764000028561)"
1999,Vermont,0.17,0.05,0.27,0.52,"Vermont
(43.625379999687425, -72.51764000028561)"
2000,Vermont,0.17,0.05,0.30,0.49,"Vermont
(43.625379999687425, -72.51764000028561)"
2001,Vermont,0.17,0.06,0.30,0.48,"Vermont
(43.625379999687425, -72.51764000028561)"
2002,Vermont,0.17,0.04,0.32,0.47,"Vermont
(43.625379999687425, -72.51764000028561)"
2003,Vermont,0.15,0.04,0.30,0.50,"Vermont
(43.625379999687425, -72.51764000028561)"
2004,Vermont,0.15,0.05,0.31,0.49,"Vermont
(43.625379999687425, -72.51764000028561)"
2005,Vermont,0.14,0.05,0.31,0.50,"Vermont
(43.625379999687425, -72.51764000028561)"
2006,Vermont,0.14,0.04,0.31,0.51,"Vermont
(43.625379999687425, -72.51764000028561)"
2007,Vermont,0.14,0.04,0.31,0.52,"Vermont
(43.625379999687425, -72.51764000028561)"
2008,Vermont,0.12,0.05,0.32,0.51,"Vermont
(43.625379999687425, -72.51764000028561)"
2009,Vermont,0.13,0.05,0.32,0.51,"Vermont
(43.625379999687425, -72.51764000028561)"
2010,Vermont,0.11,0.04,0.31,0.54,"Vermont
(43.625379999687425, -72.51764000028561)"
1995,Virginia,0.19,0.03,0.25,0.54,"Virginia
(37.54268000028196, -78.45789000012326)"
1996,Virginia,0.20,0.05,0.23,0.52,"Virginia
(37.54268000028196, -78.45789000012326)"
1997,Virginia,0.19,0.06,0.26,0.50,"Virginia
(37.54268000028196, -78.45789000012326)"
1998,Virginia,0.18,0.05,0.23,0.54,"Virginia
(37.54268000028196, -78.45789000012326)"
1999,Virginia,0.17,0.04,0.25,0.53,"Virginia
(37.54268000028196, -78.45789000012326)"
2000,Virginia,0.16,0.05,0.23,0.55,"Virginia
(37.54268000028196, -78.45789000012326)"
2001,Virginia,0.18,0.05,0.25,0.53,"Virginia
(37.54268000028196, -78.45789000012326)"
2002,Virginia,0.19,0.05,0.22,0.53,"Virginia
(37.54268000028196, -78.45789000012326)"
2003,Virginia,0.17,0.05,0.24,0.54,"Virginia
(37.54268000028196, -78.45789000012326)"
2004,Virginia,0.16,0.05,0.23,0.56,"Virginia
(37.54268000028196, -78.45789000012326)"
2005,Virginia,0.15,0.05,0.24,0.55,"Virginia
(37.54268000028196, -78.45789000012326)"
2006,Virginia,0.15,0.05,0.25,0.56,"Virginia
(37.54268000028196, -78.45789000012326)"
2007,Virginia,0.14,0.04,0.24,0.58,"Virginia
(37.54268000028196, -78.45789000012326)"
2008,Virginia,0.12,0.04,0.24,0.60,"Virginia
(37.54268000028196, -78.45789000012326)"
2009,Virginia,0.14,0.05,0.24,0.57,"Virginia
(37.54268000028196, -78.45789000012326)"
2010,Virginia,0.15,0.04,0.24,0.57,"Virginia
(37.54268000028196, -78.45789000012326)"
1995,Washington,0.18,0.02,0.30,0.50,"Washington
(47.522280000022135, -120.47001000026114)"
1996,Washington,0.19,0.04,0.27,0.50,"Washington
(47.522280000022135, -120.47001000026114)"
1997,Washington,0.19,0.05,0.27,0.49,"Washington
(47.522280000022135, -120.47001000026114)"
1998,Washington,0.17,0.05,0.28,0.51,"Washington
(47.522280000022135, -120.47001000026114)"
1999,Washington,0.17,0.05,0.27,0.51,"Washington
(47.522280000022135, -120.47001000026114)"
2000,Washington,0.15,0.06,0.29,0.51,"Washington
(47.522280000022135, -120.47001000026114)"
2001,Washington,0.16,0.06,0.28,0.50,"Washington
(47.522280000022135, -120.47001000026114)"
2002,Washington,0.16,0.05,0.29,0.50,"Washington
(47.522280000022135, -120.47001000026114)"
2003,Washington,0.15,0.05,0.26,0.54,"Washington
(47.522280000022135, -120.47001000026114)"
2004,Washington,0.14,0.05,0.25,0.56,"Washington
(47.522280000022135, -120.47001000026114)"
2005,Washington,0.13,0.05,0.27,0.55,"Washington
(47.522280000022135, -120.47001000026114)"
2006,Washington,0.12,0.05,0.26,0.57,"Washington
(47.522280000022135, -120.47001000026114)"
2007,Washington,0.12,0.05,0.26,0.57,"Washington
(47.522280000022135, -120.47001000026114)"
2008,Washington,0.12,0.04,0.27,0.58,"Washington
(47.522280000022135, -120.47001000026114)"
2009,Washington,0.11,0.04,0.27,0.58,"Washington
(47.522280000022135, -120.47001000026114)"
2010,Washington,0.11,0.04,0.26,0.59,"Washington
(47.522280000022135, -120.47001000026114)"
1995,West Virginia,0.24,0.02,0.23,0.51,"West Virginia
(38.66550999958696, -80.71263999973604)"
1996,West Virginia,0.24,0.03,0.23,0.51,"West Virginia
(38.66550999958696, -80.71263999973604)"
1997,West Virginia,0.25,0.03,0.24,0.48,"West Virginia
(38.66550999958696, -80.71263999973604)"
1998,West Virginia,0.25,0.03,0.24,0.48,"West Virginia
(38.66550999958696, -80.71263999973604)"
1999,West Virginia,0.24,0.03,0.24,0.49,"West Virginia
(38.66550999958696, -80.71263999973604)"
2000,West Virginia,0.23,0.03,0.25,0.49,"West Virginia
(38.66550999958696, -80.71263999973604)"
2001,West Virginia,0.24,0.05,0.25,0.47,"West Virginia
(38.66550999958696, -80.71263999973604)"
2002,West Virginia,0.24,0.05,0.24,0.47,"West Virginia
(38.66550999958696, -80.71263999973604)"
2003,West Virginia,0.23,0.05,0.26,0.47,"West Virginia
(38.66550999958696, -80.71263999973604)"
2004,West Virginia,0.22,0.05,0.25,0.48,"West Virginia
(38.66550999958696, -80.71263999973604)"
2005,West Virginia,0.21,0.05,0.24,0.49,"West Virginia
(38.66550999958696, -80.71263999973604)"
2006,West Virginia,0.21,0.05,0.25,0.50,"West Virginia
(38.66550999958696, -80.71263999973604)"
2007,West Virginia,0.22,0.05,0.25,0.49,"West Virginia
(38.66550999958696, -80.71263999973604)"
2008,West Virginia,0.22,0.05,0.25,0.48,"West Virginia
(38.66550999958696, -80.71263999973604)"
2009,West Virginia,0.21,0.05,0.25,0.50,"West Virginia
(38.66550999958696, -80.71263999973604)"
2010,West Virginia,0.23,0.04,0.24,0.49,"West Virginia
(38.66550999958696, -80.71263999973604)"
1995,Wisconsin,0.18,0.04,0.28,0.51,"Wisconsin
(44.39319000021851, -89.81636999977553)"
1996,Wisconsin,0.20,0.05,0.26,0.49,"Wisconsin
(44.39319000021851, -89.81636999977553)"
1997,Wisconsin,0.20,0.04,0.25,0.52,"Wisconsin
(44.39319000021851, -89.81636999977553)"
1998,Wisconsin,0.19,0.05,0.29,0.47,"Wisconsin
(44.39319000021851, -89.81636999977553)"
1999,Wisconsin,0.18,0.06,0.29,0.48,"Wisconsin
(44.39319000021851, -89.81636999977553)"
2000,Wisconsin,0.18,0.06,0.27,0.49,"Wisconsin
(44.39319000021851, -89.81636999977553)"
2001,Wisconsin,0.18,0.05,0.29,0.48,"Wisconsin
(44.39319000021851, -89.81636999977553)"
2002,Wisconsin,0.19,0.05,0.27,0.49,"Wisconsin
(44.39319000021851, -89.81636999977553)"
2003,Wisconsin,0.17,0.05,0.27,0.51,"Wisconsin
(44.39319000021851, -89.81636999977553)"
2004,Wisconsin,0.17,0.05,0.24,0.54,"Wisconsin
(44.39319000021851, -89.81636999977553)"
2005,Wisconsin,0.16,0.05,0.26,0.53,"Wisconsin
(44.39319000021851, -89.81636999977553)"
2006,Wisconsin,0.15,0.06,0.26,0.53,"Wisconsin
(44.39319000021851, -89.81636999977553)"
2007,Wisconsin,0.15,0.05,0.26,0.55,"Wisconsin
(44.39319000021851, -89.81636999977553)"
2008,Wisconsin,0.14,0.06,0.27,0.54,"Wisconsin
(44.39319000021851, -89.81636999977553)"
2009,Wisconsin,0.13,0.06,0.27,0.54,"Wisconsin
(44.39319000021851, -89.81636999977553)"
2010,Wisconsin,0.14,0.06,0.26,0.55,"Wisconsin
(44.39319000021851, -89.81636999977553)"
1995,Wyoming,0.19,0.03,0.27,0.51,"Wyoming
(43.23553999957147, -108.10982999975454)"
1996,Wyoming,0.20,0.05,0.25,0.50,"Wyoming
(43.23553999957147, -108.10982999975454)"
1997,Wyoming,0.20,0.05,0.25,0.51,"Wyoming
(43.23553999957147, -108.10982999975454)"
1998,Wyoming,0.19,0.04,0.25,0.52,"Wyoming
(43.23553999957147, -108.10982999975454)"
1999,Wyoming,0.19,0.05,0.25,0.51,"Wyoming
(43.23553999957147, -108.10982999975454)"
2000,Wyoming,0.18,0.06,0.25,0.51,"Wyoming
(43.23553999957147, -108.10982999975454)"
2001,Wyoming,0.17,0.05,0.26,0.52,"Wyoming
(43.23553999957147, -108.10982999975454)"
2002,Wyoming,0.19,0.04,0.27,0.50,"Wyoming
(43.23553999957147, -108.10982999975454)"
2003,Wyoming,0.20,0.05,0.26,0.49,"Wyoming
(43.23553999957147, -108.10982999975454)"
2004,Wyoming,0.17,0.05,0.25,0.53,"Wyoming
(43.23553999957147, -108.10982999975454)"
2005,Wyoming,0.16,0.05,0.27,0.52,"Wyoming
(43.23553999957147, -108.10982999975454)"
2006,Wyoming,0.16,0.05,0.25,0.54,"Wyoming
(43.23553999957147, -108.10982999975454)"
2007,Wyoming,0.18,0.05,0.25,0.53,"Wyoming
(43.23553999957147, -108.10982999975454)"
2008,Wyoming,0.15,0.05,0.25,0.55,"Wyoming
(43.23553999957147, -108.10982999975454)"
2009,Wyoming,0.15,0.05,0.26,0.54,"Wyoming
(43.23553999957147, -108.10982999975454)"
2010,Wyoming,0.15,0.05,0.25,0.56,"Wyoming
(43.23553999957147, -108.10982999975454)"
